{"cameraMode":{"drawMode":0,"name":"Shaded","section":"Shading Mode"},"sceneLighting":false,"audioPlay":false,"sceneViewState":{"showFog":true,"showMaterialUpdate":false,"showSkybox":true,"showFlares":true,"showImageEffects":true,"showParticleSystems":true},"in2DMode":false,"pivot":{"x":-0.002703734440729022,"y":3.010814666748047,"z":0.9011629819869995},"rotation":{"x":0.6985698342323303,"y":-0.0010733171366155148,"z":0.0010478552430868149,"w":0.7155402898788452},"size":37.55095291137695,"orthographic":false}